1,Trainers,Jordan Air 1 Mid Junior,SGD 159.00,,Kids',https://i8.amplience.net/t/jpl/jdsg_product_list?plu=jd_DQ8423-060_a&qlt=85&qlt=92&w=363&h=363&v=1&fmt=auto
2,Trainers,Nike Dunk Low Junior,SGD 129.00,,Kids',https://i8.amplience.net/t/jpl/jdsg_product_list?plu=jd_FB9109-401_a&qlt=85&qlt=92&w=363&h=363&v=1&fmt=auto
3,Trainers,Nike Air Force 1 Junior,SGD 129.00,,Kids',https://i8.amplience.net/t/jpl/jdsg_product_list?plu=jd_DH2920-111_a&qlt=85&qlt=92&w=363&h=363&v=1&fmt=auto
4,Trainers,New Balance 990 Junior,SGD 149.00,,Kids',https://i8.amplience.net/t/jpl/jdsg_product_list?plu=jd_GC990GL6_a&qlt=85&qlt=92&w=363&h=363&v=1&fmt=auto
5,Trainers,New Balance 550 Junior,SGD 129.00,,Kids',https://i8.amplience.net/t/jpl/jdsg_product_list?plu=jd_GSB550WK_a&qlt=85&qlt=92&w=363&h=363&v=1&fmt=auto
6,Trainers,Jordan Sky 1 Children,SGD 105.00,,Kids',https://i8.amplience.net/t/jpl/jdsg_product_list?plu=jd_BQ7197-016_a&qlt=85&qlt=92&w=363&h=363&v=1&fmt=auto
7,Trainers,Nike Air Max 1 Junior,SGD 149.00,,Kids',https://i8.amplience.net/t/jpl/jdsg_product_list?plu=jd_DZ3307-003_a&qlt=85&qlt=92&w=363&h=363&v=1&fmt=auto
8,Trainers,Nike Dunk Low Junior,SGD 119.00,,Kids',https://i8.amplience.net/t/jpl/jdsg_product_list?plu=jd_CW1590-100_a&qlt=85&qlt=92&w=363&h=363&v=1&fmt=auto
9,Trainers,New Balance 550 Junior,SGD 129.00,,Kids',https://i8.amplience.net/t/jpl/jdsg_product_list?plu=jd_GSB550WA_a&qlt=85&qlt=92&w=363&h=363&v=1&fmt=auto
10,Trainers,Nike Dunk Low Junior,SGD 129.00,,Kids',https://i8.amplience.net/t/jpl/jdsg_product_list?plu=jd_FB9109-100_a&qlt=85&qlt=92&w=363&h=363&v=1&fmt=auto
11,Trainers,Nike Air Max 270 Junior,SGD 185.00,,Kids',https://i8.amplience.net/t/jpl/jdsg_product_list?plu=jd_FQ2414-001_a&qlt=85&exclusive=1&qlt=92&wid=363&hei=363&v=1&fmt=auto
12,Trainers,Nike Air Max 90 Junior,SGD 175.00,,Kids',https://i8.amplience.net/t/jpl/jdsg_product_list?plu=jd_FQ2428-001_a&qlt=85&exclusive=1&qlt=92&wid=363&hei=363&v=1&fmt=auto
13,Trainers,Jordan Air 1 Mid Junior,SGD 159.00,,Kids',https://i8.amplience.net/t/jpl/jdsg_product_list?plu=jd_DQ8423-401_a&qlt=85&qlt=92&w=363&h=363&v=1&fmt=auto
14,Trainers,Nike Air Max 90 SE Junior,SGD 165.00,,Kids',https://i8.amplience.net/t/jpl/jdsg_product_list?plu=jd_DZ2888-100_a&qlt=85&qlt=92&w=363&h=363&v=1&fmt=auto
15,Trainers,Nike Air Force 1 Low Junior,SGD 165.00,,Kids',https://i8.amplience.net/t/jpl/jdsg_product_list?plu=jd_FQ2413-100_a&qlt=85&exclusive=1&qlt=92&wid=363&hei=363&v=1&fmt=auto
16,Trainers,Jordan Air 1 Low Junior,SGD 149.00,,Kids',https://i8.amplience.net/t/jpl/jdsg_product_list?plu=jd_DZ5365-601_a&qlt=85&qlt=92&w=363&h=363&v=1&fmt=auto
17,Trainers,Nike Dunk Low Junior,SGD 149.00,,Kids',https://i8.amplience.net/t/jpl/jdsg_product_list?plu=jd_FN7784-001_a&qlt=85&qlt=92&w=363&h=363&v=1&fmt=auto
18,Trainers,Nike Air Force 1 Junior,SGD 129.00,,Kids',https://i8.amplience.net/t/jpl/jdsg_product_list?plu=jd_CT3839-107_a&qlt=85&qlt=92&w=363&h=363&v=1&fmt=auto
19,Trainers,adidas Originals x Hello Kitty Superstar Junior,SGD 119.00,,Kids',https://i8.amplience.net/t/jpl/jdsg_product_list?plu=jd_ID7279_a&qlt=85&qlt=92&w=363&h=363&v=1&fmt=auto
20,Trainers,Nike Dunk High SE Junior,SGD 189.00,,Kids',https://i8.amplience.net/t/jpl/jdsg_product_list?plu=jd_FN7995-100_a&qlt=85&qlt=92&w=363&h=363&v=1&fmt=auto
21,Trainers,Jordan Air 1 Low Junior,SGD 139.00,,Kids',https://i8.amplience.net/t/jpl/jdsg_product_list?plu=jd_553560-041_a&qlt=85&qlt=92&w=363&h=363&v=1&fmt=auto
22,Trainers,Nike Cortez Basic Junior,SGD 85.00,,Kids',https://i8.amplience.net/t/jpl/jdsg_product_list?plu=jd_334220_a&qlt=85&qlt=92&w=363&h=363&v=1&fmt=auto
23,Trainers,Jordan Air 1 Low SE Junior,SGD 169.00,,Kids',https://i8.amplience.net/t/jpl/jdsg_product_list?plu=jd_FB4420-616_a&qlt=85&qlt=92&w=363&h=363&v=1&fmt=auto
24,Trainers,Nike Dunk High Junior,SGD 145.00,,Kids',https://i8.amplience.net/t/jpl/jdsg_product_list?plu=jd_DB2179-112_a&qlt=85&qlt=92&w=363&h=363&v=1&fmt=auto
25,Trainers,Nike Revolution 6 Junior,SGD 85.00,,Kids',https://i8.amplience.net/t/jpl/jdsg_product_list?plu=jd_DD1096-003_a&qlt=85&qlt=92&w=363&h=363&v=1&fmt=auto
26,Trainers,Nike Dunk Low Junior,SGD 125.00,,Kids',https://i8.amplience.net/t/jpl/jdsg_product_list?plu=jd_668207_a&qlt=85&qlt=92&w=363&h=363&v=1&fmt=auto
27,Trainers,Jordan Air 1 Low SE Junior,SGD 169.00,,Kids',https://i8.amplience.net/t/jpl/jdsg_product_list?plu=jd_FN7671-008_a&qlt=85&qlt=92&w=363&h=363&v=1&fmt=auto
28,Trainers,Nike Dunk Low Junior,SGD 119.00,,Kids',https://i8.amplience.net/t/jpl/jdsg_product_list?plu=jd_DH9765-105_a&qlt=85&qlt=92&w=363&h=363&v=1&fmt=auto
29,Trainers,Nike Air Force 1 Junior,SGD 129.00,,Kids',https://i8.amplience.net/t/jpl/jdsg_product_list?plu=jd_DV7762-102_a&qlt=85&qlt=92&w=363&h=363&v=1&fmt=auto
30,Trainers,Nike Air Force 1 Junior,SGD 129.00,,Kids',https://i8.amplience.net/t/jpl/jdsg_product_list?plu=jd_DV7762-300_a&qlt=85&qlt=92&w=363&h=363&v=1&fmt=auto
31,Trainers,New Balance 550 Junior,SGD 129.00,,Kids',https://i8.amplience.net/t/jpl/jdsg_product_list?plu=jd_GSB550CK_a&qlt=85&qlt=92&w=363&h=363&v=1&fmt=auto
32,Trainers,Nike Revolution 6 Junior,SGD 85.00,,Kids',https://i8.amplience.net/t/jpl/jdsg_product_list?plu=jd_DD1096-102_a&qlt=85&qlt=92&w=363&h=363&v=1&fmt=auto
33,Trainers,adidas Ultrabounce,SGD 109.00,,Kids',https://i8.amplience.net/t/jpl/jdsg_product_list?plu=jd_HQ1302_a&qlt=85&qlt=92&w=363&h=363&v=1&fmt=auto
34,Trainers,Nike Air Force 1 LV8 Junior,SGD 145.00,,Kids',https://i8.amplience.net/t/jpl/jdsg_product_list?plu=jd_FJ7691-191_a&qlt=85&qlt=92&w=363&h=363&v=1&fmt=auto
35,Trainers,adidas UltraBounce Junior,SGD 109.00,,Kids',https://i8.amplience.net/t/jpl/jdsg_product_list?plu=jd_HQ1306_a&qlt=85&qlt=92&w=363&h=363&v=1&fmt=auto
36,Trainers,Nike Air Max 90 Junior,SGD 145.00,,Kids',https://i8.amplience.net/t/jpl/jdsg_product_list?plu=jd_DV3607-001_a&qlt=85&qlt=92&w=363&h=363&v=1&fmt=auto
37,Trainers,Nike Air Max 90 Junior,SGD 145.00,,Kids',https://i8.amplience.net/t/jpl/jdsg_product_list?plu=jd_DV3607-104_a&qlt=85&qlt=92&w=363&h=363&v=1&fmt=auto
38,Trainers,Lacoste Lerond Junior,SGD 99.00,,Kids',https://i8.amplience.net/t/jpl/jdsg_product_list?plu=jd_741CUJ001421G_a&qlt=85&qlt=92&w=363&h=363&v=1&fmt=auto
39,Trainers,Jordan Air 1 Low SE Junior,SGD 169.00,,Kids',https://i8.amplience.net/t/jpl/jdsg_product_list?plu=jd_DZ6333-083_a&qlt=85&qlt=92&w=363&h=363&v=1&fmt=auto
40,Trainers,Nike Air Force 1 Junior,SGD 129.00,,Kids',https://i8.amplience.net/t/jpl/jdsg_product_list?plu=jd_DV7762-101_a&qlt=85&qlt=92&w=363&h=363&v=1&fmt=auto
41,Trainers,Jordan Air 5 Retro SE Junior,SGD 225.00,,Kids',https://i8.amplience.net/t/jpl/jdsg_product_list?plu=jd_FN4233-600_a&qlt=85&qlt=92&w=363&h=363&v=1&fmt=auto
42,Trainers,Jordan Air 4 Retro Junior,SGD 215.00,,Kids',https://i8.amplience.net/t/jpl/jdsg_product_list?plu=jd_FB2214-200_a&qlt=85&qlt=92&w=363&h=363&v=1&fmt=auto
43,Trainers,Jordan Air 1 Low Junior,SGD 139.00,,Kids',https://i8.amplience.net/t/jpl/jdsg_product_list?plu=jd_553560-515_a&qlt=85&qlt=92&w=363&h=363&v=1&fmt=auto
44,Trainers,New Balance 9060 Junior,SGD 149.00,,Kids',https://i8.amplience.net/t/jpl/jdsg_product_list?plu=jd_GC9060LL_a&qlt=85&qlt=92&w=363&h=363&v=1&fmt=auto
45,Trainers,Lacoste Carnaby Pro Junior,SGD 109.00,,Kids',https://i8.amplience.net/t/jpl/jdsg_product_list?plu=jd_46SUJ0005-082_a&qlt=85&qlt=92&w=363&h=363&v=1&fmt=auto
46,Trainers,Lacoste Gripshot Junior,SGD 109.00,,Kids',https://i8.amplience.net/t/jpl/jdsg_product_list?plu=jd_746CUJ001914X_a&qlt=85&exclusive=1&qlt=92&wid=363&hei=363&v=1&fmt=auto
47,Trainers,Lacoste Carnaby Pro Junior,SGD 109.00,,Kids',https://i8.amplience.net/t/jpl/jdsg_product_list?plu=jd_746SUJ004914X_a&qlt=85&exclusive=1&qlt=92&wid=363&hei=363&v=1&fmt=auto
48,Trainers,Lacoste Gripshot Junior,SGD 109.00,,Kids',https://i8.amplience.net/t/jpl/jdsg_product_list?plu=jd_464597_a&qlt=85&qlt=92&w=363&h=363&v=1&fmt=auto
49,Trainers,Lacoste Lerond Junior,SGD 99.00,,Kids',https://i8.amplience.net/t/jpl/jdsg_product_list?plu=jd_746CUJ002914X_a&qlt=85&exclusive=1&qlt=92&wid=363&hei=363&v=1&fmt=auto
50,Trainers,Jordan Air 1 Low SE Junior,SGD 189.00,,Kids',https://i8.amplience.net/t/jpl/jdsg_product_list?plu=jd_FN8895-141_a&qlt=85&qlt=92&w=363&h=363&v=1&fmt=auto
51,Trainers,Jordan Air 4 Retro Junior,SGD 225.00,,Kids',https://i8.amplience.net/t/jpl/jdsg_product_list?plu=jd_408452-017_a&qlt=85&qlt=92&w=363&h=363&v=1&fmt=auto
52,Trainers,Nike Air Force 1 Low Junior,SGD 129.00,,Kids',https://i8.amplience.net/t/jpl/jdsg_product_list?plu=jd_DV7762-104_a&qlt=85&qlt=92&w=363&h=363&v=1&fmt=auto
53,Trainers,adidas Originals Forum Bold Junior,SGD 119.00,,Kids',https://i8.amplience.net/t/jpl/jdsg_product_list?plu=jd_IG0272_a&qlt=85&qlt=92&w=363&h=363&v=1&fmt=auto
54,Trainers,adidas Originals Stan Smith Junior,SGD 99.00,,Kids',https://i8.amplience.net/t/jpl/jdsg_product_list?plu=jd_FX7521_a&qlt=85&qlt=92&w=363&h=363&v=1&fmt=auto
55,Trainers,adidas Originals Superstar Junior,SGD 99.00,,Kids',https://i8.amplience.net/t/jpl/jdsg_product_list?plu=jd_FU7712_a&qlt=85&qlt=92&w=363&h=363&v=1&fmt=auto
56,Trainers,adidas Originals Superstar XLG Junior,SGD 119.00,,Kids',https://i8.amplience.net/t/jpl/jdsg_product_list?plu=jd_IF0550_a&qlt=85&qlt=92&w=363&h=363&v=1&fmt=auto
57,Trainers,Nike Air Max 270 Junior,SGD 169.00,,Kids',https://i8.amplience.net/t/jpl/jdsg_product_list?plu=jd_943345-115_a&qlt=85&qlt=92&w=363&h=363&v=1&fmt=auto
58,Trainers,Nike E-Series 1.0 Big Kids',SGD 109.00,,Kids',https://i8.amplience.net/t/jpl/jdsg_product_list?plu=jd_DV4250-002_a&qlt=85&qlt=92&w=363&h=363&v=1&fmt=auto
59,Trainers,Jordan Air 8 Retro Junior,SGD 225.00,,Kids',https://i8.amplience.net/t/jpl/jdsg_product_list?plu=jd_305368-062_a&qlt=85&qlt=92&w=363&h=363&v=1&fmt=auto
60,Trainers,Jordan Air 4 Retro Junior,SGD 225.00,,Kids',https://i8.amplience.net/t/jpl/jdsg_product_list?plu=jd_408452-161_a&qlt=85&qlt=92&w=363&h=363&v=1&fmt=auto
61,Trainers,Puma Cali Dream Sand Junior,SGD 119.00,,Kids',https://i8.amplience.net/t/jpl/jdsg_product_list?plu=jd_392131-01_a&qlt=85&qlt=92&w=363&h=363&v=1&fmt=auto
62,Trainers,adidas Originals Stan Smith Junior,SGD 99.00,,Kids',https://i8.amplience.net/t/jpl/jdsg_product_list?plu=jd_FX7522_a&qlt=85&qlt=92&w=363&h=363&v=1&fmt=auto
63,Trainers,Jordan Air 1 Mid Junior,SGD 189.00,,Kids',https://i8.amplience.net/t/jpl/jdsg_product_list?plu=jd_FB2212-100_a&qlt=85&qlt=92&w=363&h=363&v=1&fmt=auto
64,Trainers,Jordan Air 1 Low SE Junior,SGD 169.00,,Kids',https://i8.amplience.net/t/jpl/jdsg_product_list?plu=jd_DX4374-008_a&qlt=85&qlt=92&w=363&h=363&v=1&fmt=auto
65,Trainers,adidas Originals Superstar Junior,SGD 109.00,,Kids',https://i8.amplience.net/t/jpl/jdsg_product_list?plu=jd_HQ4288_a&qlt=85&qlt=92&w=363&h=363&v=1&fmt=auto
66,Trainers,Jordan Air 3 Retro Junior,SGD 215.00,,Kids',https://i8.amplience.net/t/jpl/jdsg_product_list?plu=jd_DX6665-100_a&qlt=85&qlt=92&w=363&h=363&v=1&fmt=auto
67,Trainers,Puma Cali Dream Junior,SGD 119.00,,Kids',https://i8.amplience.net/t/jpl/jdsg_product_list?plu=jd_392131-02_a&qlt=85&qlt=92&w=363&h=363&v=1&fmt=auto
68,Trainers,Nike Blazer Mid '77 Junior,SGD 119.00,,Kids',https://i8.amplience.net/t/jpl/jdsg_product_list?plu=jd_554967_a&qlt=85&qlt=92&w=363&h=363&v=1&fmt=auto
69,Trainers,Jordan Air 1 Low Junior,SGD 139.00,,Kids',https://i8.amplience.net/t/jpl/jdsg_product_list?plu=jd_553560-066_a&qlt=85&qlt=92&w=363&h=363&v=1&fmt=auto
70,Trainers,Lacoste Lerond Pro 123 Junior,SGD 99.00,,Kids',https://i8.amplience.net/t/jpl/jdsg_product_list?plu=jd_45CUJ0019-65T_a&qlt=85&exclusive=1&qlt=92&wid=363&hei=363&v=1&fmt=auto
71,Trainers,Nike Cortez Basic SL Junior,SGD 85.00,,Kids',https://i8.amplience.net/t/jpl/jdsg_product_list?plu=jd_904764-109_a&qlt=85&qlt=92&w=363&h=363&v=1&fmt=auto
72,Trainers,Nike Air Max 90 Junior,SGD 139.00,,Kids',https://i8.amplience.net/t/jpl/jdsg_product_list?plu=jd_CD6864-115_a&qlt=85&qlt=92&w=363&h=363&v=1&fmt=auto
73,Running Shoes,New Balance 550 Junior,SGD 129.00,,Kids',https://i8.amplience.net/t/jpl/jdsg_product_list?plu=jd_GSB550WK_a&qlt=85&qlt=92&w=363&h=363&v=1&fmt=auto
74,Running Shoes,Nike E-Series 1.0 Big Kids',SGD 109.00,,Kids',https://i8.amplience.net/t/jpl/jdsg_product_list?plu=jd_DV4250-002_a&qlt=85&qlt=92&w=363&h=363&v=1&fmt=auto
75,Running Shoes,Nike Revolution 6 Junior,SGD 85.00,,Kids',https://i8.amplience.net/t/jpl/jdsg_product_list?plu=jd_DD1096-003_a&qlt=85&qlt=92&w=363&h=363&v=1&fmt=auto
76,Running Shoes,New Balance 550 Junior,SGD 129.00,,Kids',https://i8.amplience.net/t/jpl/jdsg_product_list?plu=jd_GSB550WA_a&qlt=85&qlt=92&w=363&h=363&v=1&fmt=auto
77,Running Shoes,Jordan Air 1 Low SE Junior,SGD 169.00,,Kids',https://i8.amplience.net/t/jpl/jdsg_product_list?plu=jd_DX4374-008_a&qlt=85&qlt=92&w=363&h=363&v=1&fmt=auto
78,Running Shoes,New Balance 550 Junior,SGD 129.00,,Kids',https://i8.amplience.net/t/jpl/jdsg_product_list?plu=jd_GSB550PB_a&qlt=85&qlt=92&w=363&h=363&v=1&fmt=auto
79,Running Shoes,Nike Air Max TW Junior,SGD 205.00,,Kids',https://i8.amplience.net/t/jpl/jdsg_product_list?plu=jd_599815_a&qlt=85&qlt=92&w=363&h=363&v=1&fmt=auto
80,Flip-Flops & Sandals,Nike Kawa Slides Junior,SGD 35.00,,Kids',https://i8.amplience.net/t/jpl/jdsg_product_list?plu=jd_819352-001_a&qlt=85&qlt=92&w=363&h=363&v=1&fmt=auto
81,Flip-Flops & Sandals,Nike Kawa Slides Junior,SGD 35.00,,Kids',https://i8.amplience.net/t/jpl/jdsg_product_list?plu=jd_DD8519-001_a&qlt=85&qlt=92&w=363&h=363&v=1&fmt=auto
82,Flip-Flops & Sandals,Nike Rift 2 Junior,SGD 115.00,,Kids',https://i8.amplience.net/t/jpl/jdsg_product_list?plu=jd_FB5523-300_a&qlt=85&qlt=92&w=363&h=363&v=1&fmt=auto
83,Hi-Tops,Nike Blazer Mid '77 Junior,SGD 119.00,,Kids',https://i8.amplience.net/t/jpl/jdsg_product_list?plu=jd_554967_a&qlt=85&qlt=92&w=363&h=363&v=1&fmt=auto
84,Trainers,adidas Originals Gazelle,SGD 159.00,,Men's,https://i8.amplience.net/t/jpl/jdsg_product_list?plu=jd_B41645_a&qlt=85&qlt=92&w=363&h=363&v=1&fmt=auto
85,Trainers,adidas Originals Gazelle,SGD 159.00,,Men's,https://i8.amplience.net/t/jpl/jdsg_product_list?plu=jd_BB5478_a&qlt=85&qlt=92&w=363&h=363&v=1&fmt=auto
86,Trainers,adidas Originals Gazelle,SGD 159.00,,Men's,https://i8.amplience.net/t/jpl/jdsg_product_list?plu=jd_BB5476_a&qlt=85&qlt=92&w=363&h=363&v=1&fmt=auto
87,Trainers,Nike Dunk Low,SGD 165.00,,Men's,https://i8.amplience.net/t/jpl/jdsg_product_list?plu=jd_FQ8080-133_a&qlt=85&qlt=92&w=363&h=363&v=1&fmt=auto
88,Trainers,Nike Air Force 1 '07,SGD 165.00,,Men's,https://i8.amplience.net/t/jpl/jdsg_product_list?plu=jd_CT2302-100_a&qlt=85&qlt=92&w=363&h=363&v=1&fmt=auto
89,Trainers,Nike Dunk Low,SGD 205.00,,Men's,https://i8.amplience.net/t/jpl/jdsg_product_list?plu=jd_FN7808-001_a&qlt=85&qlt=92&w=363&h=363&v=1&fmt=auto
90,Trainers,Nike Air Force 1 '07,SGD 165.00,,Men's,https://i8.amplience.net/t/jpl/jdsg_product_list?plu=jd_CW2288-111_a&qlt=85&qlt=92&w=363&h=363&v=1&fmt=auto
91,Trainers,Nike Air Force 1 '07 LV8,SGD 205.00,,Men's,https://i8.amplience.net/t/jpl/jdsg_product_list?plu=jd_DZ4514-001_a&qlt=85&exclusive=1&qlt=92&wid=363&hei=363&v=1&fmt=auto
92,Trainers,On Running Cloudnova,SGD 269.00,,Men's,https://i8.amplience.net/t/jpl/jdsg_product_list?plu=jd_376112_a&qlt=85&qlt=92&w=363&h=363&v=1&fmt=auto
93,Trainers,Nike React Infinity Run Flyknit 4,SGD 249.00,,Men's,https://i8.amplience.net/t/jpl/jdsg_product_list?plu=jd_DR2665-100_a&qlt=85&qlt=92&w=363&h=363&v=1&fmt=auto
94,Trainers,Nike Dunk Low Retro,SGD 165.00,,Men's,https://i8.amplience.net/t/jpl/jdsg_product_list?plu=jd_DV0831-101_a&qlt=85&qlt=92&w=363&h=363&v=1&fmt=auto
95,Trainers,Jordan Air 1 High Zoom CMFT 2,SGD 235.00,,Men's,https://i8.amplience.net/t/jpl/jdsg_product_list?plu=jd_DV1307-107_a&qlt=85&qlt=92&w=363&h=363&v=1&fmt=auto
96,Trainers,Nike Air Max 1,SGD 229.00,,Men's,https://i8.amplience.net/t/jpl/jdsg_product_list?plu=jd_FD9082-100_a&qlt=85&exclusive=1&qlt=92&wid=363&hei=363&v=1&fmt=auto
97,Trainers,Converse Chuck 70 AT‑CX High,SGD 179.00,,Men's,https://i8.amplience.net/t/jpl/jdsg_product_list?plu=jd_A03277C_a&qlt=85&qlt=92&w=363&h=363&v=1&fmt=auto
98,Trainers,Converse Chuck 70 AT‑CX High,SGD 179.00,,Men's,https://i8.amplience.net/t/jpl/jdsg_product_list?plu=jd_A01682C_a&qlt=85&qlt=92&w=363&h=363&v=1&fmt=auto
99,Trainers,Converse Star Player 76,SGD 129.00,,Men's,https://i8.amplience.net/t/jpl/jdsg_product_list?plu=jd_A01608C_a&qlt=85&qlt=92&w=363&h=363&v=1&fmt=auto
100,Trainers,Nike Air Zoom Pegasus 40 SE,SGD 219.00,,Men's,https://i8.amplience.net/t/jpl/jdsg_product_list?plu=jd_FJ1051-100_a&qlt=85&qlt=92&w=363&h=363&v=1&fmt=auto
101,Trainers,Nike Free Run Flyknit Next Nature,SGD 165.00,,Men's,https://i8.amplience.net/t/jpl/jdsg_product_list?plu=jd_FB1276-002_a&qlt=85&qlt=92&w=363&h=363&v=1&fmt=auto
102,Trainers,Nike Air VaporMax 2023,SGD 299.00,,Men's,https://i8.amplience.net/t/jpl/jdsg_product_list?plu=jd_DV1678-100_a&qlt=85&qlt=92&w=363&h=363&v=1&fmt=auto
103,Trainers,Nike Air VaporMax 2023,SGD 299.00,,Men's,https://i8.amplience.net/t/jpl/jdsg_product_list?plu=jd_DV1678-004_a&qlt=85&qlt=92&w=363&h=363&v=1&fmt=auto
104,Trainers,Puma Slipstream Xtreme,SGD 215.00,,Men's,https://i8.amplience.net/t/jpl/jdsg_product_list?plu=jd_392434-01_a&qlt=85&qlt=92&w=363&h=363&v=1&fmt=auto
105,Running Shoes,Nike React Infinity Run Flyknit 4,SGD 249.00,,Men's,https://i8.amplience.net/t/jpl/jdsg_product_list?plu=jd_DR2665-100_a&qlt=85&qlt=92&w=363&h=363&v=1&fmt=auto
106,Running Shoes,Nike Renew Ride 3,SGD 119.00,,Men's,https://i8.amplience.net/t/jpl/jdsg_product_list?plu=jd_DC8185-004_a&qlt=85&qlt=92&w=363&h=363&v=1&fmt=auto
107,Running Shoes,On Running Cloud X 3 AD,SGD 249.00,,Men's,https://i8.amplience.net/t/jpl/jdsg_product_list?plu=jd_3MD30320299_a&qlt=85&qlt=92&w=363&h=363&v=1&fmt=auto
108,Running Shoes,On Running Cloud X 3 AD,SGD 249.00,,Men's,https://i8.amplience.net/t/jpl/jdsg_product_list?plu=jd_3MD30321536_a&qlt=85&qlt=92&w=363&h=363&v=1&fmt=auto
109,Running Shoes,Nike Air Zoom Pegasus 40 Premium,SGD 229.00,,Men's,https://i8.amplience.net/t/jpl/jdsg_product_list?plu=jd_FN7498-012_a&qlt=85&qlt=92&w=363&h=363&v=1&fmt=auto
110,Running Shoes,Nike Air Winflo 10 SE,SGD 165.00,,Men's,https://i8.amplience.net/t/jpl/jdsg_product_list?plu=jd_FJ1053-100_a&qlt=85&qlt=92&w=363&h=363&v=1&fmt=auto
111,Running Shoes,Nike Air Zoom Pegasus 40 SE,SGD 219.00,,Men's,https://i8.amplience.net/t/jpl/jdsg_product_list?plu=jd_FJ1051-100_a&qlt=85&qlt=92&w=363&h=363&v=1&fmt=auto
112,Running Shoes,Nike React Infinity Run Flyknit 4,SGD 249.00,,Men's,https://i8.amplience.net/t/jpl/jdsg_product_list?plu=jd_DR2665-001_a&qlt=85&qlt=92&w=363&h=363&v=1&fmt=auto
113,Running Shoes,Nike Renew Ride 3,SGD 119.00,,Men's,https://i8.amplience.net/t/jpl/jdsg_product_list?plu=jd_DC8185-008_a&qlt=85&qlt=92&w=363&h=363&v=1&fmt=auto
114,Running Shoes,Nike Winflo 10,SGD 165.00,,Men's,https://i8.amplience.net/t/jpl/jdsg_product_list?plu=jd_DV4022-102_a&qlt=85&qlt=92&w=363&h=363&v=1&fmt=auto
115,Running Shoes,Nike Free Run Flyknit Next Nature,SGD 165.00,,Men's,https://i8.amplience.net/t/jpl/jdsg_product_list?plu=jd_FB1276-002_a&qlt=85&qlt=92&w=363&h=363&v=1&fmt=auto
116,Running Shoes,Nike Free Run Next Nature,SGD 165.00,,Men's,https://i8.amplience.net/t/jpl/jdsg_product_list?plu=jd_FB1276-001_a&qlt=85&qlt=92&w=363&h=363&v=1&fmt=auto
117,Running Shoes,adidas Ultraboost Light,SGD 289.00,,Men's,https://i8.amplience.net/t/jpl/jdsg_product_list?plu=jd_IE1768_a&qlt=85&qlt=92&w=363&h=363&v=1&fmt=auto
118,Running Shoes,Nike Winflo 10,SGD 165.00,,Men's,https://i8.amplience.net/t/jpl/jdsg_product_list?plu=jd_DV4022-100_a&qlt=85&qlt=92&w=363&h=363&v=1&fmt=auto
119,Running Shoes,Nike Renew Ride 3,SGD 119.00,,Men's,https://i8.amplience.net/t/jpl/jdsg_product_list?plu=jd_DC8185-102_a&qlt=85&qlt=92&w=363&h=363&v=1&fmt=auto
120,Running Shoes,Nike Air Zoom Pegasus 40,SGD 219.00,,Men's,https://i8.amplience.net/t/jpl/jdsg_product_list?plu=jd_DV3853-002_a&qlt=85&qlt=92&w=363&h=363&v=1&fmt=auto
121,Running Shoes,Nike Air Zoom Pegasus 40,SGD 219.00,,Men's,https://i8.amplience.net/t/jpl/jdsg_product_list?plu=jd_DV3853-001_a&qlt=85&qlt=92&w=363&h=363&v=1&fmt=auto
122,Running Shoes,Nike Air Winflo 10,SGD 165.00,,Men's,https://i8.amplience.net/t/jpl/jdsg_product_list?plu=jd_DV4022-101_a&qlt=85&qlt=92&w=363&h=363&v=1&fmt=auto
123,Canvas,Vans Sk8-Hi,SGD 109.00,,Men's,https://i8.amplience.net/t/jpl/jdsg_product_list?plu=jd_VN000D5IB8C_a&qlt=85&qlt=92&w=363&h=363&v=1&fmt=auto
124,Canvas,Vans Old Skool,SGD 99.00,,Men's,https://i8.amplience.net/t/jpl/jdsg_product_list?plu=jd_VN000D3HW00_a&qlt=85&qlt=92&w=363&h=363&v=1&fmt=auto
125,Canvas,Vans x Haribo Classic Slip On,SGD 129.00,,Men's,https://i8.amplience.net/t/jpl/jdsg_product_list?plu=jd_VN0A7Q5DBMB_a&qlt=85&qlt=92&w=363&h=363&v=1&fmt=auto
126,Canvas,Vans x Haribo SK8-Hi,SGD 155.00,,Men's,https://i8.amplience.net/t/jpl/jdsg_product_list?plu=jd_VN0007NSBML_a&qlt=85&qlt=92&w=363&h=363&v=1&fmt=auto
127,Canvas,Vans Old Skool Overt ComfyCush,SGD 159.00,,Men's,https://i8.amplience.net/t/jpl/jdsg_product_list?plu=jd_VN0A7Q5EBMV_a&qlt=85&qlt=92&w=363&h=363&v=1&fmt=auto
128,Canvas,Vans Style 36,SGD 109.00,,Men's,https://i8.amplience.net/t/jpl/jdsg_product_list?plu=jd_VN0A3DZ3OXS_a&qlt=85&qlt=92&w=363&h=363&v=1&fmt=auto
129,Canvas,Vans Style 36,SGD 109.00,,Men's,https://i8.amplience.net/t/jpl/jdsg_product_list?plu=jd_VN0A3DZ3KE6_a&qlt=85&qlt=92&w=363&h=363&v=1&fmt=auto
130,Canvas,Vans SK8-Low,SGD 99.00,,Men's,https://i8.amplience.net/t/jpl/jdsg_product_list?plu=jd_VN0A4UUK6BT_a&qlt=85&qlt=92&w=363&h=363&v=1&fmt=auto
131,Canvas,Converse Run Star Hike,SGD 139.00,,Men's,https://i8.amplience.net/t/jpl/jdsg_product_list?plu=jd_168816C_a&qlt=85&qlt=92&w=363&h=363&v=1&fmt=auto
132,Hi-Tops,Jordan Air 1 High Zoom CMFT 2,SGD 235.00,,Men's,https://i8.amplience.net/t/jpl/jdsg_product_list?plu=jd_DV1307-107_a&qlt=85&qlt=92&w=363&h=363&v=1&fmt=auto
133,Hi-Tops,Vans Sk8-Hi,SGD 109.00,,Men's,https://i8.amplience.net/t/jpl/jdsg_product_list?plu=jd_VN000D5IB8C_a&qlt=85&qlt=92&w=363&h=363&v=1&fmt=auto
134,Hi-Tops,Jordan Air 1 High Zoom CMFT 2,SGD 235.00,,Men's,https://i8.amplience.net/t/jpl/jdsg_product_list?plu=jd_DV1307-100_a&qlt=85&qlt=92&w=363&h=363&v=1&fmt=auto
135,Hi-Tops,Converse Chuck 70 AT‑CX High,SGD 179.00,,Men's,https://i8.amplience.net/t/jpl/jdsg_product_list?plu=jd_A03277C_a&qlt=85&qlt=92&w=363&h=363&v=1&fmt=auto
136,Hi-Tops,Converse Chuck 70 AT‑CX High,SGD 179.00,,Men's,https://i8.amplience.net/t/jpl/jdsg_product_list?plu=jd_A01682C_a&qlt=85&qlt=92&w=363&h=363&v=1&fmt=auto
137,Hi-Tops,Jordan Stay Loyal 2 Men's,SGD 199.00,,Men's,https://i8.amplience.net/t/jpl/jdsg_product_list?plu=jd_DQ8401-061_a&qlt=85&qlt=92&w=363&h=363&v=1&fmt=auto
138,Flip-Flops & Sandals,Nike Air Max Cirro Slides,SGD 75.00,,Men's,https://i8.amplience.net/t/jpl/jdsg_product_list?plu=jd_DC1460-007_a&qlt=85&qlt=92&w=363&h=363&v=1&fmt=auto
139,Flip-Flops & Sandals,adidas Adilette Comfort Slides,SGD 59.00,,Men's,https://i8.amplience.net/t/jpl/jdsg_product_list?plu=jd_GZ5896_a&qlt=85&qlt=92&w=363&h=363&v=1&fmt=auto
140,Flip-Flops & Sandals,adidas Originals Adilette 22 Slides,SGD 79.00,,Men's,https://i8.amplience.net/t/jpl/jdsg_product_list?plu=jd_IG7497_a&qlt=85&qlt=92&w=363&h=363&v=1&fmt=auto
141,Flip-Flops & Sandals,Jordan Post Slides,SGD 49.00,,Men's,https://i8.amplience.net/t/jpl/jdsg_product_list?plu=jd_DX5575-100_a&qlt=85&qlt=92&w=363&h=363&v=1&fmt=auto
142,Flip-Flops & Sandals,Crocs Duet Max II Clog,SGD 79.95,,Men's,https://i8.amplience.net/t/jpl/jdsg_product_list?plu=jd_208776-0WQ_a&qlt=85&qlt=92&w=363&h=363&v=1&fmt=auto
143,Flip-Flops & Sandals,Crocs Echo Clog,SGD 99.95,,Men's,https://i8.amplience.net/t/jpl/jdsg_product_list?plu=jd_207937-6WC_a&qlt=85&qlt=92&w=363&h=363&v=1&fmt=auto
144,Flip-Flops & Sandals,Crocs All-Terrain Clog,SGD 89.95,,Men's,https://i8.amplience.net/t/jpl/jdsg_product_list?plu=jd_206340-3N4_a&qlt=85&qlt=92&w=363&h=363&v=1&fmt=auto
145,Flip-Flops & Sandals,Nike Offcourt Adjust Slides,SGD 65.00,,Men's,https://i8.amplience.net/t/jpl/jdsg_product_list?plu=jd_DQ9624-100_a&qlt=85&qlt=92&w=363&h=363&v=1&fmt=auto
146,Flip-Flops & Sandals,Crocs x NBA Classic Clog 'Miami Heat',SGD 84.95,,Men's,https://i8.amplience.net/t/jpl/jdsg_product_list?plu=jd_208861-001_a&qlt=85&qlt=92&w=363&h=363&v=1&fmt=auto
147,Flip-Flops & Sandals,Crocs x NBA 'Brooklyn Nets' Classic Clog,SGD 84.95,,Men's,https://i8.amplience.net/t/jpl/jdsg_product_list?plu=jd_208651-103_a&qlt=85&qlt=92&w=363&h=363&v=1&fmt=auto
148,Flip-Flops & Sandals,Nike Offcourt Slides,SGD 59.00,,Men's,https://i8.amplience.net/t/jpl/jdsg_product_list?plu=jd_BQ4639-104_a&qlt=85&qlt=92&w=363&h=363&v=1&fmt=auto
149,Flip-Flops & Sandals,Crocs x NBA 'Los Angeles Lakers' Classic Clog,SGD 84.95,,Men's,https://i8.amplience.net/t/jpl/jdsg_product_list?plu=jd_208650-75Y_a&qlt=85&qlt=92&w=363&h=363&v=1&fmt=auto
150,Flip-Flops & Sandals,Jordan Hydro 8 Retro Slides,SGD 99.00,,Men's,https://i8.amplience.net/t/jpl/jdsg_product_list?plu=jd_FD7674-001_a&qlt=85&qlt=92&w=363&h=363&v=1&fmt=auto
151,Flip-Flops & Sandals,Jordan Post Slides,SGD 49.00,,Men's,https://i8.amplience.net/t/jpl/jdsg_product_list?plu=jd_DX5575-700_a&qlt=85&qlt=92&w=363&h=363&v=1&fmt=auto
152,Flip-Flops & Sandals,Jordan Post Slides,SGD 49.00,,Men's,https://i8.amplience.net/t/jpl/jdsg_product_list?plu=jd_DX5575-600_a&qlt=85&qlt=92&w=363&h=363&v=1&fmt=auto
153,Flip-Flops & Sandals,adidas Originals Adilette 22 Slides,SGD 79.00,,Men's,https://i8.amplience.net/t/jpl/jdsg_product_list?plu=jd_IG7493_a&qlt=85&qlt=92&w=363&h=363&v=1&fmt=auto
154,Flip-Flops & Sandals,adidas Originals Adilette 22 Slides,SGD 79.00,,Men's,https://i8.amplience.net/t/jpl/jdsg_product_list?plu=jd_655053_a&qlt=85&qlt=92&w=363&h=363&v=1&fmt=auto
155,Flip-Flops & Sandals,Nike Vista Sandals,SGD 85.00,,Men's,https://i8.amplience.net/t/jpl/jdsg_product_list?plu=jd_DJ6605-200_a&qlt=85&qlt=92&w=363&h=363&v=1&fmt=auto
156,Trainers,adidas Originals Gazelle,SGD 159.00,,Women's,https://i8.amplience.net/t/jpl/jdsg_product_list?plu=jd_BB5478_a&qlt=85&qlt=92&w=363&h=363&v=1&fmt=auto
157,Trainers,Nike Zoom Vomero 5 Women's,SGD 245.00,,Women's,https://i8.amplience.net/t/jpl/jdsg_product_list?plu=jd_FB8825-001_a&qlt=85&qlt=92&w=363&h=363&v=1&fmt=auto
158,Trainers,Tommy Hilfiger Essential Basket Women's,SGD 229.00,,Women's,https://i8.amplience.net/t/jpl/jdsg_product_list?plu=jd_FW07563-YBS_a&qlt=85&qlt=92&w=363&h=363&v=1&fmt=auto
159,Trainers,Nike Air Force 1 Shadow Women's,SGD 205.00,,Women's,https://i8.amplience.net/t/jpl/jdsg_product_list?plu=jd_CI0919-117_a&qlt=85&qlt=92&w=363&h=363&v=1&fmt=auto
160,Trainers,Nike Dunk Low Twist Women's,SGD 189.00,,Women's,https://i8.amplience.net/t/jpl/jdsg_product_list?plu=jd_DZ2794-102_a&qlt=85&qlt=92&w=363&h=363&v=1&fmt=auto
161,Trainers,Nike Air Force 1 '07 Women's,SGD 165.00,,Women's,https://i8.amplience.net/t/jpl/jdsg_product_list?plu=jd_667984_a&qlt=85&qlt=92&w=363&h=363&v=1&fmt=auto
162,Trainers,Lacoste Ziane Platform Women's,SGD 129.00,,Women's,https://i8.amplience.net/t/jpl/jdsg_product_list?plu=jd_45CFA0013-21G_a&qlt=85&qlt=92&w=363&h=363&v=1&fmt=auto
163,Trainers,adidas Forum Low Women's,SGD 159.00,,Women's,https://i8.amplience.net/t/jpl/jdsg_product_list?plu=jd_FZ6463_a&qlt=85&qlt=92&w=363&h=363&v=1&fmt=auto
164,Trainers,Nike Air Max Pulse Women's,SGD 239.00,,Women's,https://i8.amplience.net/t/jpl/jdsg_product_list?plu=jd_FD6409-002_a&qlt=85&qlt=92&w=363&h=363&v=1&fmt=auto
165,Trainers,adidas Originals x KSENIASCHNAIDER Superstar Women's,SGD 199.00,,Women's,https://i8.amplience.net/t/jpl/jdsg_product_list?plu=jd_IG5927_a&qlt=85&qlt=92&w=363&h=363&v=1&fmt=auto
166,Trainers,Vans Old Skool Women's,SGD 99.00,,Women's,https://i8.amplience.net/t/jpl/jdsg_product_list?plu=jd_058318_a&qlt=85&qlt=92&w=363&h=363&v=1&fmt=auto
167,Trainers,adidas Originals Gazelle Women's,SGD 159.00,,Women's,https://i8.amplience.net/t/jpl/jdsg_product_list?plu=jd_021605_a&qlt=85&qlt=92&w=363&h=363&v=1&fmt=auto
168,Trainers,Nike Dunk Low SE Women's,SGD 189.00,,Women's,https://i8.amplience.net/t/jpl/jdsg_product_list?plu=jd_FD8683-100_a&qlt=85&qlt=92&w=363&h=363&v=1&fmt=auto
169,Trainers,Nike Free Run Flyknit Next Nature Women's,SGD 165.00,,Women's,https://i8.amplience.net/t/jpl/jdsg_product_list?plu=jd_DX6482-600_a&qlt=85&qlt=92&w=363&h=363&v=1&fmt=auto
170,Trainers,Nike Air Zoom Pegasus 40 Women's,SGD 219.00,,Women's,https://i8.amplience.net/t/jpl/jdsg_product_list?plu=jd_DV3854-101_a&qlt=85&qlt=92&w=363&h=363&v=1&fmt=auto
171,Trainers,Nike Air Force 1 '07 Women's,SGD 205.00,,Women's,https://i8.amplience.net/t/jpl/jdsg_product_list?plu=jd_FB8251-100_a&qlt=85&qlt=92&w=363&h=363&v=1&fmt=auto
172,Trainers,Nike Dunk Low SE Women's,SGD 189.00,,Women's,https://i8.amplience.net/t/jpl/jdsg_product_list?plu=jd_FQ8143-001_a&qlt=85&qlt=92&w=363&h=363&v=1&fmt=auto
173,Trainers,Nike Air Force 1 '07 Women's,SGD 189.00,,Women's,https://i8.amplience.net/t/jpl/jdsg_product_list?plu=jd_FQ8103-133_a&qlt=85&qlt=92&w=363&h=363&v=1&fmt=auto
174,Trainers,Nike Air Force 1 Shadow Women's,SGD 219.00,,Women's,https://i8.amplience.net/t/jpl/jdsg_product_list?plu=jd_DZ1847-001_a&qlt=85&qlt=92&w=363&h=363&v=1&fmt=auto
175,Trainers,Nike Air Max 97 Futura SE Women's,SGD 279.00,,Women's,https://i8.amplience.net/t/jpl/jdsg_product_list?plu=jd_FQ8145-200_a&qlt=85&qlt=92&w=363&h=363&v=1&fmt=auto
176,Flip-Flops & Sandals,Nike Air Max Sol Sandals Women's,SGD 135.00,,Women's,https://i8.amplience.net/t/jpl/jdsg_product_list?plu=jd_FD5982-001_a&qlt=85&qlt=92&w=363&h=363&v=1&fmt=auto
177,Flip-Flops & Sandals,adidas Adilette Comfort Slides Women's,SGD 59.00,,Women's,https://i8.amplience.net/t/jpl/jdsg_product_list?plu=jd_GZ5896-W_a&qlt=85&qlt=92&w=363&h=363&v=1&fmt=auto
178,Flip-Flops & Sandals,adidas Adilette Comfort Slides Women's,SGD 59.00,,Women's,https://i8.amplience.net/t/jpl/jdsg_product_list?plu=jd_IF5640_a&qlt=85&qlt=92&w=363&h=363&v=1&fmt=auto
179,Flip-Flops & Sandals,Tommy Hilfiger TJ Flag Logo Fur Pool Slide Women's,SGD 99.00,,Women's,https://i8.amplience.net/t/jpl/jdsg_product_list?plu=jd_EN02410-TSA_a&qlt=85&qlt=92&w=363&h=363&v=1&fmt=auto
180,Flip-Flops & Sandals,Tommy Hilfiger TJ Flag Logo Fur Pool Slide Women's,SGD 99.00,,Women's,https://i8.amplience.net/t/jpl/jdsg_product_list?plu=jd_EN02410-BDS_a&qlt=85&qlt=92&w=363&h=363&v=1&fmt=auto
181,Flip-Flops & Sandals,Crocs Mega Crush Colordip Clog Women's,SGD 129.95,,Women's,https://i8.amplience.net/t/jpl/jdsg_product_list?plu=jd_208988-2Y3_a&qlt=85&qlt=92&w=363&h=363&v=1&fmt=auto
182,Flip-Flops & Sandals,Crocs Classic Clogs Women's,SGD 69.95,,Women's,https://i8.amplience.net/t/jpl/jdsg_product_list?plu=jd_665428_a&qlt=85&qlt=92&w=363&h=363&v=1&fmt=auto
183,Flip-Flops & Sandals,Nike Offcourt Slides Women's,SGD 59.00,,Women's,https://i8.amplience.net/t/jpl/jdsg_product_list?plu=jd_FN6603-600_a&qlt=85&qlt=92&w=363&h=363&v=1&fmt=auto
184,Flip-Flops & Sandals,Crocs Mega Crush Sandals Women's,SGD 99.95,,Women's,https://i8.amplience.net/t/jpl/jdsg_product_list?plu=jd_207989-2Y2_a&qlt=85&qlt=92&w=363&h=363&v=1&fmt=auto
185,Flip-Flops & Sandals,Crocs Hiker Xscape Sandals Women's,SGD 79.95,,Women's,https://i8.amplience.net/t/jpl/jdsg_product_list?plu=jd_208181-108_a&qlt=85&qlt=92&w=363&h=363&v=1&fmt=auto
186,Flip-Flops & Sandals,Crocs Classic Mega Crush Clog Women's,SGD 119.95,,Women's,https://i8.amplience.net/t/jpl/jdsg_product_list?plu=jd_633933_a&qlt=85&qlt=92&w=363&h=363&v=1&fmt=auto
187,Flip-Flops & Sandals,Crocs x Levi's Classic Clog Women's,SGD 129.95,,Women's,https://i8.amplience.net/t/jpl/jdsg_product_list?plu=jd_208918-160-W_a&qlt=85&qlt=92&w=363&h=363&v=1&fmt=auto
188,Flip-Flops & Sandals,Crocs Classic Platform Clog Women's,SGD 89.95,,Women's,https://i8.amplience.net/t/jpl/jdsg_product_list?plu=jd_206750-2Y2_a&qlt=85&qlt=92&w=363&h=363&v=1&fmt=auto
189,Flip-Flops & Sandals,Crocs Mega Crush Clog Women's,SGD 119.95,,Women's,https://i8.amplience.net/t/jpl/jdsg_product_list?plu=jd_207988-2Y2_a&qlt=85&qlt=92&w=363&h=363&v=1&fmt=auto
190,Flip-Flops & Sandals,Crocs Classic Mega Crush Clog Women's,SGD 119.95,,Women's,https://i8.amplience.net/t/jpl/jdsg_product_list?plu=jd_207988-100_a&qlt=85&qlt=92&w=363&h=363&v=1&fmt=auto
191,Flip-Flops & Sandals,Crocs Classic Clog Women's,SGD 69.95,,Women's,https://i8.amplience.net/t/jpl/jdsg_product_list?plu=jd_551756_a&qlt=85&qlt=92&w=363&h=363&v=1&fmt=auto
192,Flip-Flops & Sandals,Crocs Classic Clog Platform Sandals Women's,SGD 89.95,,Women's,https://i8.amplience.net/t/jpl/jdsg_product_list?plu=jd_206750-100_a&qlt=85&qlt=92&w=363&h=363&v=1&fmt=auto
193,Flip-Flops & Sandals,Crocs Classic Clog Women's,SGD 69.95,,Women's,https://i8.amplience.net/t/jpl/jdsg_product_list?plu=jd_399511_a&qlt=85&qlt=92&w=363&h=363&v=1&fmt=auto
194,Running Shoes,On Running Cloud X 3 AD Women's,SGD 249.00,,Women's,https://i8.amplience.net/t/jpl/jdsg_product_list?plu=jd_3WD30300299_a&qlt=85&qlt=92&w=363&h=363&v=1&fmt=auto
195,Running Shoes,On Running Cloud 5 Women's,SGD 239.00,,Women's,https://i8.amplience.net/t/jpl/jdsg_product_list?plu=jd_662548_a&qlt=85&qlt=92&w=363&h=363&v=1&fmt=auto
196,Running Shoes,Nike ReactX Infinity Run Women's,SGD 249.00,,Women's,https://i8.amplience.net/t/jpl/jdsg_product_list?plu=jd_DR2670-600_a&qlt=85&qlt=92&w=363&h=363&v=1&fmt=auto
197,Running Shoes,Nike React Infinity Run Flyknit 4 Women's,SGD 249.00,,Women's,https://i8.amplience.net/t/jpl/jdsg_product_list?plu=jd_DR2670-800_a&qlt=85&qlt=92&w=363&h=363&v=1&fmt=auto
198,Running Shoes,Nike React Infinity Run Flyknit 4 Women's,SGD 249.00,,Women's,https://i8.amplience.net/t/jpl/jdsg_product_list?plu=jd_DR2670-300_a&qlt=85&qlt=92&w=363&h=363&v=1&fmt=auto
199,Running Shoes,Nike React Infinity Run Flyknit 4 Women's,SGD 249.00,,Women's,https://i8.amplience.net/t/jpl/jdsg_product_list?plu=jd_DR2670-001_a&qlt=85&qlt=92&w=363&h=363&v=1&fmt=auto
200,Running Shoes,Nike Free Run Flyknit Next Nature Women's,SGD 165.00,,Women's,https://i8.amplience.net/t/jpl/jdsg_product_list?plu=jd_DX6482-002_a&qlt=85&qlt=92&w=363&h=363&v=1&fmt=auto
201,Running Shoes,Nike Free Run Flyknit Next Nature Women's,SGD 165.00,,Women's,https://i8.amplience.net/t/jpl/jdsg_product_list?plu=jd_DX6482-600_a&qlt=85&qlt=92&w=363&h=363&v=1&fmt=auto
202,Running Shoes,Nike Air Zoom Pegasus 40 Women's,SGD 219.00,,Women's,https://i8.amplience.net/t/jpl/jdsg_product_list?plu=jd_667593_a&qlt=85&qlt=92&w=363&h=363&v=1&fmt=auto
203,Running Shoes,Nike Free Run Flyknit Next Nature Women,SGD 165.00,,Women's,https://i8.amplience.net/t/jpl/jdsg_product_list?plu=jd_DX6482-800_a&qlt=85&qlt=92&w=363&h=363&v=1&fmt=auto
204,Running Shoes,adidas Ultrabounce Women's,SGD 119.00,,Women's,https://i8.amplience.net/t/jpl/jdsg_product_list?plu=jd_HP5785_a&qlt=85&qlt=92&w=363&h=363&v=1&fmt=auto
205,Running Shoes,adidas Ultrabounce Women's,SGD 119.00,,Women's,https://i8.amplience.net/t/jpl/jdsg_product_list?plu=jd_HP5789_a&qlt=85&qlt=92&w=363&h=363&v=1&fmt=auto
206,Running Shoes,On Running Cloudswift 3 AD Women's,SGD 289.00,,Women's,https://i8.amplience.net/t/jpl/jdsg_product_list?plu=jd_3WD10150485_a&qlt=85&qlt=92&w=363&h=363&v=1&fmt=auto
207,Running Shoes,adidas Ultraboost Light Women's,SGD 289.00,,Women's,https://i8.amplience.net/t/jpl/jdsg_product_list?plu=jd_IE1775_a&qlt=85&qlt=92&w=363&h=363&v=1&fmt=auto
208,Running Shoes,On Running Cloud 5 Women's,SGD 239.00,,Women's,https://i8.amplience.net/t/jpl/jdsg_product_list?plu=jd_507826_a&qlt=85&qlt=92&w=363&h=363&v=1&fmt=auto
209,Running Shoes,Nike Air Zoom Pegasus 40 Premium Women's,SGD 229.00,,Women's,https://i8.amplience.net/t/jpl/jdsg_product_list?plu=jd_FB7703-100_a&qlt=85&qlt=92&w=363&h=363&v=1&fmt=auto
210,Running Shoes,Nike Air Zoom Pegasus 40,SGD 219.00,,Women's,https://i8.amplience.net/t/jpl/jdsg_product_list?plu=jd_DV3854-001_a&qlt=85&qlt=92&w=363&h=363&v=1&fmt=auto
211,Canvas,Vans Old Skool Women's,SGD 99.00,,Women's,https://i8.amplience.net/t/jpl/jdsg_product_list?plu=jd_058318_a&qlt=85&qlt=92&w=363&h=363&v=1&fmt=auto
212,Canvas,Converse Run Star Hike Women's,SGD 149.00,,Women's,https://i8.amplience.net/t/jpl/jdsg_product_list?plu=jd_166800C-W_a&qlt=85&qlt=92&w=363&h=363&v=1&fmt=auto
213,Canvas,Vans Sk8-Low Reissue Women's,SGD 99.00,,Women's,https://i8.amplience.net/t/jpl/jdsg_product_list?plu=jd_VN0A4UUK6BT-W_a&qlt=85&qlt=92&w=363&h=363&v=1&fmt=auto
214,Canvas,Converse Chuck Taylor All Star 70 Ox Women's,SGD 119.00,,Women's,https://i8.amplience.net/t/jpl/jdsg_product_list?plu=jd_162058C-W_a&qlt=85&qlt=92&w=363&h=363&v=1&fmt=auto
215,Hi-Tops,Converse Run Star Hike Women's,SGD 149.00,,Women's,https://i8.amplience.net/t/jpl/jdsg_product_list?plu=jd_166799C-W_a&qlt=85&qlt=92&w=363&h=363&v=1&fmt=auto
216,Hi-Tops,Converse Run Star Hike Women's,SGD 149.00,,Women's,https://i8.amplience.net/t/jpl/jdsg_product_list?plu=jd_166800C-W_a&qlt=85&qlt=92&w=363&h=363&v=1&fmt=auto
217,Hi-Tops,Vans Sk8-Hi Women's,SGD 115.00,,Women's,https://i8.amplience.net/t/jpl/jdsg_product_list?plu=jd_VN0007NSGRN_a&qlt=85&qlt=92&w=363&h=363&v=1&fmt=auto
218,Hi-Tops,Vans Sk8-Hi Women's,SGD 109.00,,Women's,https://i8.amplience.net/t/jpl/jdsg_product_list?plu=jd_058161_a&qlt=85&qlt=92&w=363&h=363&v=1&fmt=auto
